{
  "accuracy": 0.9475,
  "precision": 0.9442910668507197,
  "recall": 0.9517988471476844,
  "f1_score": 0.948030093050881,
  "confusion_matrix": [
    [
      9373,
      565
    ],
    [
      485,
      9577
    ]
  ],
  "log_loss": 0.1570668973301744
}